{"cameraMode":{"drawMode":0,"name":"Shaded","section":"Shading Mode"},"sceneLighting":false,"audioPlay":false,"sceneViewState":{"m_AlwaysRefresh":false,"showFog":true,"showSkybox":false,"showFlares":true,"showImageEffects":true,"showParticleSystems":true,"showVisualEffectGraphs":true,"m_FxEnabled":true},"in2DMode":false,"pivot":{"x":0.21917134523391725,"y":0.9723913669586182,"z":-0.027558326721191407},"rotation":{"x":-0.02968664839863777,"y":-0.001187580288387835,"z":-0.000048297628381988034,"w":0.9995745420455933},"size":1.8708287477493287,"orthographic":false}