{"cameraMode":{"drawMode":0,"name":"Shaded","section":"Shading Mode"},"sceneLighting":true,"audioPlay":false,"sceneViewState":{"m_AlwaysRefresh":false,"showFog":true,"showSkybox":true,"showFlares":true,"showImageEffects":true,"showParticleSystems":true,"showVisualEffectGraphs":true,"m_FxEnabled":true},"in2DMode":false,"pivot":{"x":31.09034538269043,"y":13.112774848937989,"z":15.316574096679688},"rotation":{"x":-0.017376326024532319,"y":0.18815653026103974,"z":0.0033161763567477466,"w":0.9819958806037903},"size":34.68303298950195,"orthographic":false}