{"cameraMode":{"drawMode":0,"name":"Shaded","section":"Shading Mode"},"sceneLighting":false,"audioPlay":false,"sceneViewState":{"m_AlwaysRefresh":false,"showFog":true,"showSkybox":false,"showFlares":true,"showImageEffects":true,"showParticleSystems":true,"showVisualEffectGraphs":true,"m_FxEnabled":true},"in2DMode":false,"pivot":{"x":0.1278747320175171,"y":8.910062789916993,"z":1.3879375457763672},"rotation":{"x":-0.00568294245749712,"y":0.05428474023938179,"z":0.0002956884854938835,"w":0.9985257983207703},"size":9.460930824279786,"orthographic":false}